,ra,dec
0,2.664184e+02,-2.901279e+01
1,2.664174e+02,-2.900830e+01
2,2.664168e+02,-2.900783e+01
